0.png	2
1.png	9
2.png	6
3.png	0
4.png	3
5.png	4
6.png	4
7.png	5
8.png	4
9.png	8
10.png	0
11.png	8
12.png	9
13.png	0
14.png	2
15.png	2
16.png	9
17.png	3
18.png	3
19.png	3
20.png	8
21.png	7
22.png	4
23.png	4
24.png	0
25.png	4
26.png	4
27.png	8
28.png	7
29.png	1
30.png	5
31.png	0
32.png	5
33.png	3
34.png	2
35.png	7
36.png	3
37.png	4
38.png	2
39.png	1
40.png	6
41.png	0
42.png	9
43.png	6
44.png	0
45.png	5
46.png	6
47.png	7
48.png	7
49.png	2
50.png	5
51.png	2
52.png	2
53.png	4
54.png	1
55.png	4
56.png	9
57.png	8
58.png	3
59.png	4
60.png	5
61.png	5
62.png	6
63.png	3
64.png	5
65.png	8
66.png	5
67.png	9
68.png	8
69.png	1
70.png	2
71.png	8
72.png	1
73.png	3
74.png	6
75.png	8
76.png	3
77.png	4
78.png	2
79.png	5
80.png	0
81.png	2
82.png	6
83.png	8
84.png	1
85.png	2
86.png	7
87.png	6
88.png	6
89.png	4
90.png	6
91.png	5
92.png	0
93.png	1
94.png	7
95.png	3
96.png	5
97.png	8
98.png	4
99.png	3
100.png	8
101.png	5
102.png	0
103.png	5
104.png	3
105.png	0
106.png	8
107.png	5
108.png	6
109.png	1
110.png	0
111.png	7
112.png	6
113.png	1
114.png	9
115.png	7
116.png	6
117.png	9
118.png	3
119.png	3
120.png	2
121.png	6
122.png	0
123.png	6
124.png	3
125.png	6
126.png	3
127.png	5
128.png	9
129.png	7
130.png	7
131.png	6
132.png	3
133.png	6
134.png	7
135.png	2
136.png	4
137.png	1
138.png	3
139.png	1
140.png	0
141.png	6
142.png	3
143.png	0
144.png	3
145.png	4
146.png	6
147.png	5
148.png	9
149.png	3
150.png	7
151.png	2
152.png	4
153.png	8
154.png	8
155.png	6
156.png	7
157.png	5
158.png	6
159.png	1
160.png	9
161.png	9
162.png	1
163.png	7
164.png	0
165.png	8
166.png	9
167.png	7
168.png	7
169.png	8
170.png	6
171.png	9
172.png	2
173.png	3
174.png	0
175.png	4
176.png	1
177.png	9
178.png	4
179.png	7
180.png	2
181.png	8
182.png	0
183.png	0
184.png	8
185.png	4
186.png	5
187.png	4
188.png	3
189.png	2
190.png	6
191.png	1
192.png	7
193.png	7
194.png	5
195.png	7
196.png	7
197.png	8
198.png	0
199.png	4
200.png	3
201.png	9
202.png	7
203.png	4
204.png	5
205.png	3
206.png	6
207.png	7
208.png	6
209.png	9
210.png	6
211.png	9
212.png	4
213.png	1
214.png	2
215.png	7
216.png	3
217.png	8
218.png	3
219.png	1
220.png	3
221.png	0
222.png	0
223.png	6
224.png	4
225.png	2
226.png	8
227.png	9
228.png	2
229.png	8
230.png	8
231.png	2
232.png	6
233.png	2
234.png	8
235.png	7
236.png	0
237.png	1
238.png	4
239.png	9
240.png	5
241.png	1
242.png	9
243.png	6
244.png	7
245.png	7
246.png	7
247.png	6
248.png	3
249.png	8
250.png	6
251.png	4
252.png	5
253.png	9
254.png	3
255.png	4
256.png	9
257.png	6
258.png	1
259.png	3
260.png	0
261.png	9
262.png	1
263.png	6
264.png	9
265.png	9
266.png	4
267.png	6
268.png	4
269.png	6
270.png	1
271.png	4
272.png	9
273.png	3
274.png	7
275.png	2
276.png	4
277.png	7
278.png	0
279.png	1
280.png	1
281.png	8
282.png	2
283.png	4
284.png	1
285.png	6
286.png	3
287.png	1
288.png	5
289.png	5
290.png	8
291.png	4
292.png	7
293.png	2
294.png	3
295.png	8
296.png	4
297.png	5
298.png	5
299.png	6
300.png	3
301.png	8
302.png	9
303.png	9
304.png	4
305.png	8
306.png	0
307.png	3
308.png	4
309.png	6
310.png	1
311.png	9
312.png	8
313.png	2
314.png	7
315.png	3
316.png	0
317.png	3
318.png	9
319.png	7
320.png	6
321.png	1
322.png	7
323.png	3
324.png	6
325.png	0
326.png	6
327.png	4
328.png	5
329.png	8
330.png	2
331.png	9
332.png	8
333.png	2
334.png	8
335.png	7
336.png	6
337.png	2
338.png	9
339.png	3
340.png	0
341.png	2
342.png	3
343.png	4
344.png	6
345.png	4
346.png	6
347.png	4
348.png	0
349.png	8
350.png	8
351.png	2
352.png	3
353.png	9
354.png	4
355.png	5
356.png	6
357.png	6
358.png	7
359.png	2
360.png	2
361.png	7
362.png	8
363.png	7
364.png	4
365.png	9
366.png	3
367.png	2
368.png	2
369.png	5
370.png	4
371.png	1
372.png	1
373.png	3
374.png	5
375.png	0
376.png	3
377.png	5
378.png	2
379.png	7
380.png	5
381.png	3
382.png	5
383.png	8
384.png	9
385.png	1
386.png	0
387.png	9
388.png	0
389.png	6
390.png	5
391.png	2
392.png	0
393.png	7
394.png	3
395.png	0
396.png	7
397.png	9
398.png	3
399.png	5
400.png	0
401.png	6
402.png	2
403.png	7
404.png	4
405.png	3
406.png	2
407.png	3
408.png	2
409.png	0
410.png	3
411.png	5
412.png	6
413.png	4
414.png	9
415.png	0
416.png	1
417.png	0
418.png	3
419.png	3
420.png	1
421.png	6
422.png	8
423.png	4
424.png	9
425.png	9
426.png	0
427.png	6
428.png	3
429.png	7
430.png	7
431.png	2
432.png	8
433.png	9
434.png	5
435.png	2
436.png	2
437.png	6
438.png	9
439.png	0
440.png	3
441.png	0
442.png	0
443.png	5
444.png	2
445.png	9
446.png	7
447.png	8
448.png	7
449.png	5
450.png	6
451.png	4
452.png	8
453.png	0
454.png	3
455.png	0
456.png	6
457.png	0
458.png	6
459.png	9
460.png	4
461.png	4
462.png	1
463.png	0
464.png	3
465.png	7
466.png	0
467.png	3
468.png	9
469.png	9
470.png	8
471.png	7
472.png	6
473.png	7
474.png	0
475.png	3
476.png	7
477.png	8
478.png	3
479.png	3
480.png	5
481.png	3
482.png	6
483.png	0
484.png	3
485.png	6
486.png	0
487.png	6
488.png	0
489.png	1
490.png	9
491.png	9
492.png	7
493.png	1
494.png	4
495.png	9
496.png	1
497.png	6
498.png	3
499.png	1
500.png	8
501.png	8
502.png	1
503.png	4
504.png	4
505.png	3
506.png	0
507.png	2
508.png	4
509.png	5
510.png	1
511.png	3
512.png	3
513.png	2
514.png	7
515.png	9
516.png	7
517.png	1
518.png	5
519.png	9
520.png	5
521.png	8
522.png	1
523.png	3
524.png	9
525.png	2
526.png	4
527.png	5
528.png	4
529.png	0
530.png	2
531.png	1
532.png	2
533.png	2
534.png	7
535.png	5
536.png	2
537.png	3
538.png	3
539.png	8
540.png	8
541.png	7
542.png	7
543.png	8
544.png	7
545.png	6
546.png	4
547.png	3
548.png	8
549.png	3
550.png	1
551.png	2
552.png	7
553.png	4
554.png	7
555.png	8
556.png	6
557.png	1
558.png	9
559.png	6
560.png	8
561.png	8
562.png	5
563.png	3
564.png	4
565.png	9
566.png	5
567.png	2
568.png	4
569.png	0
570.png	6
571.png	3
572.png	2
573.png	6
574.png	1
575.png	8
576.png	3
577.png	5
578.png	3
579.png	6
580.png	2
581.png	4
582.png	4
583.png	0
584.png	8
585.png	9
586.png	6
587.png	0
588.png	4
589.png	7
590.png	7
591.png	2
592.png	8
593.png	7
594.png	5
595.png	3
596.png	6
597.png	9
598.png	3
599.png	4
600.png	0
601.png	7
602.png	8
603.png	9
604.png	9
605.png	3
606.png	4
607.png	7
608.png	4
609.png	4
610.png	6
611.png	9
612.png	0
613.png	8
614.png	0
615.png	9
616.png	5
617.png	3
618.png	0
619.png	9
620.png	2
621.png	6
622.png	7
623.png	5
624.png	9
625.png	0
626.png	0
627.png	8
628.png	7
629.png	0
630.png	2
631.png	7
632.png	0
633.png	1
634.png	2
635.png	7
636.png	6
637.png	5
638.png	1
639.png	6
640.png	1
641.png	2
642.png	2
643.png	6
644.png	7
645.png	4
646.png	2
647.png	6
648.png	8
649.png	2
650.png	7
651.png	4
652.png	2
653.png	0
654.png	3
655.png	5
656.png	1
657.png	1
658.png	8
659.png	0
660.png	2
661.png	4
662.png	0
663.png	0
664.png	1
665.png	6
666.png	9
667.png	4
668.png	3
669.png	3
670.png	8
671.png	4
672.png	5
673.png	9
674.png	7
675.png	5
676.png	8
677.png	0
678.png	5
679.png	7
680.png	5
681.png	6
682.png	7
683.png	4
684.png	4
685.png	9
686.png	4
687.png	0
688.png	8
689.png	2
690.png	8
691.png	0
692.png	0
693.png	2
694.png	5
695.png	9
696.png	4
697.png	3
698.png	7
699.png	3
700.png	1
701.png	1
702.png	9
703.png	4
704.png	6
705.png	1
706.png	1
707.png	6
708.png	9
709.png	6
710.png	8
711.png	0
712.png	4
713.png	4
714.png	6
715.png	4
716.png	2
717.png	8
718.png	5
719.png	6
720.png	4
721.png	1
722.png	1
723.png	2
724.png	3
725.png	9
726.png	9
727.png	1
728.png	8
729.png	7
730.png	0
731.png	0
732.png	4
733.png	6
734.png	8
735.png	7
736.png	1
737.png	6
738.png	2
739.png	8
740.png	4
741.png	6
742.png	1
743.png	0
744.png	2
745.png	5
746.png	9
747.png	5
748.png	9
749.png	1
750.png	1
751.png	0
752.png	5
753.png	3
754.png	2
755.png	5
756.png	1
757.png	8
758.png	3
759.png	3
760.png	9
761.png	7
762.png	8
763.png	4
764.png	4
765.png	8
766.png	2
767.png	7
768.png	1
769.png	2
770.png	1
771.png	1
772.png	4
773.png	1
774.png	3
775.png	8
776.png	3
777.png	2
778.png	3
779.png	4
780.png	0
781.png	4
782.png	7
783.png	5
784.png	3
785.png	7
786.png	7
787.png	6
788.png	2
789.png	6
790.png	0
791.png	3
792.png	7
793.png	1
794.png	3
795.png	8
796.png	3
797.png	3
798.png	1
799.png	4
800.png	2
801.png	8
802.png	0
803.png	6
804.png	7
805.png	8
806.png	7
807.png	3
808.png	0
809.png	5
810.png	6
811.png	7
812.png	8
813.png	0
814.png	4
815.png	2
816.png	5
817.png	9
818.png	8
819.png	8
820.png	0
821.png	9
822.png	7
823.png	2
824.png	7
825.png	2
826.png	0
827.png	4
828.png	9
829.png	3
830.png	2
831.png	1
832.png	7
833.png	6
834.png	4
835.png	4
836.png	8
837.png	4
838.png	0
839.png	0
840.png	3
841.png	3
842.png	0
843.png	1
844.png	1
845.png	5
846.png	7
847.png	9
848.png	0
849.png	6
850.png	6
851.png	8
852.png	4
853.png	6
854.png	6
855.png	8
856.png	0
857.png	0
858.png	3
859.png	0
860.png	9
861.png	4
862.png	6
863.png	1
864.png	6
865.png	3
866.png	2
867.png	7
868.png	4
869.png	1
870.png	2
871.png	4
872.png	0
873.png	6
874.png	7
875.png	4
876.png	9
877.png	4
878.png	2
879.png	9
880.png	3
881.png	7
882.png	9
883.png	0
884.png	0
885.png	8
886.png	5
887.png	2
888.png	6
889.png	9
890.png	1
891.png	0
892.png	8
893.png	8
894.png	5
895.png	8
896.png	1
897.png	4
898.png	4
899.png	6
900.png	0
901.png	9
902.png	1
903.png	6
904.png	1
905.png	9
906.png	9
907.png	7
908.png	5
909.png	4
910.png	0
911.png	5
912.png	0
913.png	2
914.png	4
915.png	5
916.png	7
917.png	0
918.png	9
919.png	3
920.png	5
921.png	4
922.png	7
923.png	4
924.png	8
925.png	2
926.png	6
927.png	3
928.png	8
929.png	6
930.png	0
931.png	6
932.png	1
933.png	5
934.png	0
935.png	2
936.png	4
937.png	9
938.png	5
939.png	0
940.png	1
941.png	1
942.png	4
943.png	2
944.png	9
945.png	0
946.png	7
947.png	5
948.png	8
949.png	3
950.png	8
951.png	7
952.png	4
953.png	7
954.png	8
955.png	6
956.png	9
957.png	4
958.png	2
959.png	4
960.png	8
961.png	9
962.png	4
963.png	2
964.png	2
965.png	0
966.png	1
967.png	5
968.png	1
969.png	5
970.png	5
971.png	6
972.png	1
973.png	2
974.png	2
975.png	2
976.png	0
977.png	3
978.png	5
979.png	5
980.png	3
981.png	2
982.png	6
983.png	3
984.png	0
985.png	3
986.png	2
987.png	7
988.png	1
989.png	5
990.png	4
991.png	1
992.png	7
993.png	0
994.png	2
995.png	8
996.png	1
997.png	4
998.png	7
999.png	1
