0.png	g
1.png	p
2.png	o
3.png	w
4.png	q
5.png	m
6.png	k
7.png	v
8.png	x
9.png	j
10.png	n
11.png	r
12.png	u
13.png	z
14.png	u
15.png	u
16.png	x
17.png	s
18.png	e
19.png	b
20.png	y
21.png	i
22.png	e
23.png	j
24.png	u
25.png	k
26.png	x
27.png	l
28.png	a
29.png	q
30.png	i
31.png	a
32.png	x
33.png	r
34.png	a
35.png	h
36.png	d
37.png	a
38.png	i
39.png	g
40.png	u
41.png	c
42.png	p
43.png	b
44.png	t
45.png	j
46.png	l
47.png	k
48.png	t
49.png	c
50.png	f
51.png	m
52.png	o
53.png	k
54.png	d
55.png	w
56.png	l
57.png	u
58.png	a
59.png	p
60.png	n
61.png	w
62.png	j
63.png	e
64.png	l
65.png	f
66.png	b
67.png	b
68.png	a
69.png	b
70.png	a
71.png	b
72.png	h
73.png	u
74.png	m
75.png	x
76.png	e
77.png	g
78.png	g
79.png	v
80.png	x
81.png	e
82.png	t
83.png	s
84.png	l
85.png	e
86.png	c
87.png	h
88.png	z
89.png	k
90.png	z
91.png	h
92.png	p
93.png	j
94.png	h
95.png	z
96.png	l
97.png	y
98.png	i
99.png	f
100.png	y
101.png	x
102.png	z
103.png	b
104.png	s
105.png	e
106.png	w
107.png	y
108.png	q
109.png	z
110.png	k
111.png	u
112.png	s
113.png	t
114.png	d
115.png	w
116.png	q
117.png	g
118.png	z
119.png	c
120.png	e
121.png	n
122.png	o
123.png	n
124.png	p
125.png	q
126.png	f
127.png	c
128.png	w
129.png	m
130.png	c
131.png	k
132.png	y
133.png	p
134.png	q
135.png	l
136.png	i
137.png	v
138.png	l
139.png	k
140.png	o
141.png	p
142.png	m
143.png	e
144.png	u
145.png	c
146.png	c
147.png	l
148.png	u
149.png	p
150.png	i
151.png	u
152.png	t
153.png	u
154.png	c
155.png	r
156.png	w
157.png	m
158.png	t
159.png	g
160.png	g
161.png	j
162.png	c
163.png	b
164.png	m
165.png	x
166.png	l
167.png	i
168.png	u
169.png	y
170.png	w
171.png	q
172.png	b
173.png	h
174.png	u
175.png	m
176.png	b
177.png	w
178.png	f
179.png	l
180.png	q
181.png	f
182.png	n
183.png	i
184.png	n
185.png	l
186.png	d
187.png	y
188.png	i
189.png	u
190.png	x
191.png	c
192.png	i
193.png	b
194.png	f
195.png	u
196.png	y
197.png	d
198.png	z
199.png	i
200.png	t
201.png	n
202.png	y
203.png	w
204.png	s
205.png	l
206.png	d
207.png	w
208.png	d
209.png	l
210.png	b
211.png	j
212.png	l
213.png	y
214.png	n
215.png	b
216.png	j
217.png	o
218.png	s
219.png	v
220.png	t
221.png	w
222.png	c
223.png	a
224.png	i
225.png	h
226.png	l
227.png	h
228.png	q
229.png	s
230.png	c
231.png	s
232.png	d
233.png	u
234.png	e
235.png	i
236.png	w
237.png	j
238.png	v
239.png	q
240.png	s
241.png	r
242.png	a
243.png	t
244.png	d
245.png	f
246.png	d
247.png	v
248.png	o
249.png	n
250.png	n
251.png	n
252.png	y
253.png	g
254.png	s
255.png	q
256.png	t
257.png	e
258.png	p
259.png	e
260.png	j
261.png	s
262.png	o
263.png	f
264.png	s
265.png	m
266.png	b
267.png	g
268.png	u
269.png	p
270.png	h
271.png	i
272.png	q
273.png	w
274.png	r
275.png	a
276.png	p
277.png	u
278.png	q
279.png	g
280.png	u
281.png	u
282.png	y
283.png	q
284.png	k
285.png	k
286.png	t
287.png	u
288.png	t
289.png	f
290.png	m
291.png	u
292.png	d
293.png	y
294.png	x
295.png	m
296.png	v
297.png	d
298.png	x
299.png	u
300.png	c
301.png	s
302.png	z
303.png	e
304.png	f
305.png	l
306.png	o
307.png	r
308.png	a
309.png	w
310.png	u
311.png	w
312.png	v
313.png	c
314.png	r
315.png	r
316.png	v
317.png	r
318.png	q
319.png	f
320.png	w
321.png	s
322.png	e
323.png	o
324.png	q
325.png	u
326.png	y
327.png	g
328.png	l
329.png	l
330.png	p
331.png	r
332.png	b
333.png	c
334.png	b
335.png	d
336.png	a
337.png	w
338.png	c
339.png	k
340.png	h
341.png	f
342.png	r
343.png	l
344.png	l
345.png	k
346.png	s
347.png	w
348.png	c
349.png	l
350.png	k
351.png	i
352.png	t
353.png	r
354.png	z
355.png	z
356.png	b
357.png	z
358.png	h
359.png	y
360.png	r
361.png	w
362.png	j
363.png	e
364.png	j
365.png	w
366.png	a
367.png	d
368.png	t
369.png	k
370.png	j
371.png	e
372.png	x
373.png	e
374.png	i
375.png	u
376.png	l
377.png	c
378.png	f
379.png	q
380.png	g
381.png	s
382.png	g
383.png	x
384.png	e
385.png	t
386.png	v
387.png	e
388.png	a
389.png	i
390.png	e
391.png	v
392.png	o
393.png	j
394.png	p
395.png	d
396.png	f
397.png	f
398.png	k
399.png	j
400.png	z
401.png	y
402.png	c
403.png	q
404.png	r
405.png	m
406.png	f
407.png	c
408.png	u
409.png	i
410.png	z
411.png	g
412.png	l
413.png	u
414.png	t
415.png	q
416.png	e
417.png	q
418.png	m
419.png	f
420.png	k
421.png	w
422.png	k
423.png	y
424.png	l
425.png	x
426.png	k
427.png	v
428.png	g
429.png	a
430.png	h
431.png	h
432.png	g
433.png	r
434.png	b
435.png	g
436.png	m
437.png	c
438.png	s
439.png	p
440.png	u
441.png	i
442.png	p
443.png	z
444.png	n
445.png	w
446.png	o
447.png	u
448.png	f
449.png	z
450.png	z
451.png	a
452.png	m
453.png	z
454.png	j
455.png	p
456.png	v
457.png	w
458.png	t
459.png	c
460.png	u
461.png	m
462.png	e
463.png	c
464.png	w
465.png	s
466.png	h
467.png	m
468.png	a
469.png	u
470.png	g
471.png	x
472.png	w
473.png	j
474.png	k
475.png	s
476.png	n
477.png	g
478.png	v
479.png	b
480.png	a
481.png	g
482.png	c
483.png	b
484.png	r
485.png	a
486.png	o
487.png	b
488.png	x
489.png	b
490.png	u
491.png	c
492.png	t
493.png	q
494.png	f
495.png	d
496.png	q
497.png	u
498.png	m
499.png	y
500.png	n
501.png	p
502.png	d
503.png	r
504.png	j
505.png	u
506.png	q
507.png	r
508.png	v
509.png	f
510.png	d
511.png	a
512.png	p
513.png	v
514.png	g
515.png	b
516.png	w
517.png	d
518.png	b
519.png	g
520.png	o
521.png	x
522.png	n
523.png	o
524.png	a
525.png	m
526.png	x
527.png	t
528.png	t
529.png	g
530.png	b
531.png	l
532.png	g
533.png	y
534.png	o
535.png	d
536.png	v
537.png	g
538.png	z
539.png	t
540.png	g
541.png	m
542.png	c
543.png	z
544.png	l
545.png	y
546.png	t
547.png	p
548.png	f
549.png	h
550.png	n
551.png	n
552.png	n
553.png	t
554.png	j
555.png	u
556.png	x
557.png	r
558.png	r
559.png	v
560.png	s
561.png	u
562.png	z
563.png	j
564.png	a
565.png	g
566.png	m
567.png	e
568.png	a
569.png	h
570.png	d
571.png	g
572.png	m
573.png	l
574.png	n
575.png	l
576.png	o
577.png	k
578.png	x
579.png	c
580.png	o
581.png	c
582.png	q
583.png	j
584.png	x
585.png	h
586.png	d
587.png	h
588.png	n
589.png	m
590.png	j
591.png	l
592.png	l
593.png	y
594.png	o
595.png	e
596.png	t
597.png	f
598.png	o
599.png	s
600.png	a
601.png	n
602.png	p
603.png	g
604.png	u
605.png	y
606.png	o
607.png	h
608.png	c
609.png	b
610.png	y
611.png	b
612.png	t
613.png	k
614.png	v
615.png	b
616.png	l
617.png	v
618.png	l
619.png	k
620.png	z
621.png	f
622.png	i
623.png	j
624.png	g
625.png	y
626.png	w
627.png	u
628.png	m
629.png	i
630.png	u
631.png	h
632.png	w
633.png	p
634.png	i
635.png	z
636.png	y
637.png	z
638.png	k
639.png	w
640.png	h
641.png	z
642.png	c
643.png	j
644.png	z
645.png	k
646.png	g
647.png	o
648.png	e
649.png	s
650.png	r
651.png	z
652.png	u
653.png	t
654.png	l
655.png	n
656.png	v
657.png	i
658.png	a
659.png	q
660.png	t
661.png	m
662.png	x
663.png	y
664.png	m
665.png	n
666.png	q
667.png	o
668.png	w
669.png	w
670.png	h
671.png	q
672.png	j
673.png	r
674.png	i
675.png	v
676.png	c
677.png	k
678.png	b
679.png	m
680.png	v
681.png	g
682.png	k
683.png	z
684.png	l
685.png	w
686.png	d
687.png	p
688.png	a
689.png	z
690.png	l
691.png	b
692.png	r
693.png	s
694.png	a
695.png	f
696.png	n
697.png	o
698.png	y
699.png	b
700.png	f
701.png	h
702.png	u
703.png	f
704.png	o
705.png	e
706.png	b
707.png	v
708.png	w
709.png	h
710.png	b
711.png	s
712.png	i
713.png	j
714.png	o
715.png	b
716.png	o
717.png	i
718.png	q
719.png	d
720.png	x
721.png	t
722.png	c
723.png	y
724.png	n
725.png	c
726.png	m
727.png	u
728.png	n
729.png	f
730.png	a
731.png	u
732.png	s
733.png	t
734.png	l
735.png	r
736.png	c
737.png	q
738.png	k
739.png	v
740.png	h
741.png	o
742.png	g
743.png	y
744.png	y
745.png	l
746.png	h
747.png	n
748.png	l
749.png	k
750.png	w
751.png	l
752.png	c
753.png	h
754.png	q
755.png	k
756.png	y
757.png	m
758.png	m
759.png	j
760.png	y
761.png	a
762.png	n
763.png	i
764.png	z
765.png	p
766.png	p
767.png	k
768.png	t
769.png	w
770.png	h
771.png	c
772.png	p
773.png	g
774.png	d
775.png	x
776.png	e
777.png	n
778.png	a
779.png	d
780.png	t
781.png	m
782.png	o
783.png	n
784.png	h
785.png	h
786.png	f
787.png	h
788.png	d
789.png	f
790.png	w
791.png	r
792.png	d
793.png	t
794.png	s
795.png	l
796.png	u
797.png	f
798.png	d
799.png	n
800.png	y
801.png	f
802.png	i
803.png	c
804.png	p
805.png	u
806.png	w
807.png	m
808.png	c
809.png	y
810.png	l
811.png	r
812.png	h
813.png	u
814.png	k
815.png	z
816.png	y
817.png	j
818.png	k
819.png	i
820.png	u
821.png	s
822.png	y
823.png	m
824.png	j
825.png	m
826.png	e
827.png	d
828.png	q
829.png	l
830.png	t
831.png	t
832.png	t
833.png	p
834.png	r
835.png	v
836.png	v
837.png	h
838.png	b
839.png	d
840.png	y
841.png	u
842.png	r
843.png	y
844.png	h
845.png	e
846.png	t
847.png	a
848.png	d
849.png	o
850.png	t
851.png	q
852.png	i
853.png	e
854.png	o
855.png	o
856.png	m
857.png	c
858.png	t
859.png	v
860.png	d
861.png	c
862.png	h
863.png	j
864.png	g
865.png	t
866.png	r
867.png	u
868.png	v
869.png	z
870.png	s
871.png	q
872.png	d
873.png	v
874.png	a
875.png	u
876.png	d
877.png	x
878.png	y
879.png	j
880.png	d
881.png	r
882.png	k
883.png	t
884.png	m
885.png	i
886.png	h
887.png	h
888.png	i
889.png	i
890.png	w
891.png	k
892.png	b
893.png	e
894.png	m
895.png	h
896.png	n
897.png	h
898.png	q
899.png	j
900.png	r
901.png	k
902.png	w
903.png	j
904.png	v
905.png	m
906.png	e
907.png	a
908.png	o
909.png	o
910.png	v
911.png	z
912.png	c
913.png	m
914.png	r
915.png	q
916.png	c
917.png	c
918.png	x
919.png	b
920.png	e
921.png	b
922.png	c
923.png	y
924.png	v
925.png	j
926.png	d
927.png	f
928.png	n
929.png	s
930.png	h
931.png	w
932.png	u
933.png	q
934.png	q
935.png	t
936.png	h
937.png	z
938.png	w
939.png	e
940.png	p
941.png	h
942.png	t
943.png	s
944.png	a
945.png	z
946.png	r
947.png	e
948.png	d
949.png	b
950.png	p
951.png	o
952.png	v
953.png	f
954.png	m
955.png	m
956.png	p
957.png	o
958.png	g
959.png	t
960.png	u
961.png	i
962.png	h
963.png	n
964.png	k
965.png	v
966.png	x
967.png	p
968.png	j
969.png	m
970.png	b
971.png	t
972.png	x
973.png	m
974.png	q
975.png	t
976.png	e
977.png	t
978.png	o
979.png	x
980.png	n
981.png	i
982.png	q
983.png	u
984.png	s
985.png	f
986.png	r
987.png	z
988.png	l
989.png	f
990.png	a
991.png	r
992.png	r
993.png	k
994.png	b
995.png	s
996.png	c
997.png	a
998.png	f
999.png	w
