0.png	airplane
1.png	airplane
2.png	airplane
3.png	airplane
4.png	airplane
5.png	airplane
6.png	airplane
7.png	airplane
8.png	airplane
9.png	airplane
10.png	airplane
11.png	airplane
12.png	airplane
13.png	airplane
14.png	airplane
15.png	airplane
16.png	airplane
17.png	airplane
18.png	airplane
19.png	airplane
20.png	airplane
21.png	airplane
22.png	airplane
23.png	airplane
24.png	airplane
25.png	airplane
26.png	airplane
27.png	airplane
28.png	airplane
29.png	airplane
30.png	airplane
31.png	airplane
32.png	airplane
33.png	airplane
34.png	airplane
35.png	airplane
36.png	airplane
37.png	airplane
38.png	airplane
39.png	airplane
40.png	airplane
41.png	airplane
42.png	airplane
43.png	airplane
44.png	airplane
45.png	airplane
46.png	airplane
47.png	airplane
48.png	airplane
49.png	airplane
50.png	airplane
51.png	airplane
52.png	airplane
53.png	airplane
54.png	airplane
55.png	airplane
56.png	airplane
57.png	airplane
58.png	airplane
59.png	airplane
60.png	airplane
61.png	airplane
62.png	airplane
63.png	airplane
64.png	airplane
65.png	airplane
66.png	airplane
67.png	airplane
68.png	airplane
69.png	airplane
70.png	airplane
71.png	airplane
72.png	airplane
73.png	airplane
74.png	airplane
75.png	airplane
76.png	airplane
77.png	airplane
78.png	airplane
79.png	airplane
80.png	airplane
81.png	airplane
82.png	airplane
83.png	airplane
84.png	airplane
85.png	airplane
86.png	airplane
87.png	airplane
88.png	airplane
89.png	airplane
90.png	airplane
91.png	airplane
92.png	airplane
93.png	airplane
94.png	airplane
95.png	airplane
96.png	airplane
97.png	airplane
98.png	airplane
99.png	airplane
100.png	automobile
101.png	automobile
102.png	automobile
103.png	automobile
104.png	automobile
105.png	automobile
106.png	automobile
107.png	automobile
108.png	automobile
109.png	automobile
110.png	automobile
111.png	automobile
112.png	automobile
113.png	automobile
114.png	automobile
115.png	automobile
116.png	automobile
117.png	automobile
118.png	automobile
119.png	automobile
120.png	automobile
121.png	automobile
122.png	automobile
123.png	automobile
124.png	automobile
125.png	automobile
126.png	automobile
127.png	automobile
128.png	automobile
129.png	automobile
130.png	automobile
131.png	automobile
132.png	automobile
133.png	automobile
134.png	automobile
135.png	automobile
136.png	automobile
137.png	automobile
138.png	automobile
139.png	automobile
140.png	automobile
141.png	automobile
142.png	automobile
143.png	automobile
144.png	automobile
145.png	automobile
146.png	automobile
147.png	automobile
148.png	automobile
149.png	automobile
150.png	automobile
151.png	automobile
152.png	automobile
153.png	automobile
154.png	automobile
155.png	automobile
156.png	automobile
157.png	automobile
158.png	automobile
159.png	automobile
160.png	automobile
161.png	automobile
162.png	automobile
163.png	automobile
164.png	automobile
165.png	automobile
166.png	automobile
167.png	automobile
168.png	automobile
169.png	automobile
170.png	automobile
171.png	automobile
172.png	automobile
173.png	automobile
174.png	automobile
175.png	automobile
176.png	automobile
177.png	automobile
178.png	automobile
179.png	automobile
180.png	automobile
181.png	automobile
182.png	automobile
183.png	automobile
184.png	automobile
185.png	automobile
186.png	automobile
187.png	automobile
188.png	automobile
189.png	automobile
190.png	automobile
191.png	automobile
192.png	automobile
193.png	automobile
194.png	automobile
195.png	automobile
196.png	automobile
197.png	automobile
198.png	automobile
199.png	automobile
200.png	bird
201.png	bird
202.png	bird
203.png	bird
204.png	bird
205.png	bird
206.png	bird
207.png	bird
208.png	bird
209.png	bird
210.png	bird
211.png	bird
212.png	bird
213.png	bird
214.png	bird
215.png	bird
216.png	bird
217.png	bird
218.png	bird
219.png	bird
220.png	bird
221.png	bird
222.png	bird
223.png	bird
224.png	bird
225.png	bird
226.png	bird
227.png	bird
228.png	bird
229.png	bird
230.png	bird
231.png	bird
232.png	bird
233.png	bird
234.png	bird
235.png	bird
236.png	bird
237.png	bird
238.png	bird
239.png	bird
240.png	bird
241.png	bird
242.png	bird
243.png	bird
244.png	bird
245.png	bird
246.png	bird
247.png	bird
248.png	bird
249.png	bird
250.png	bird
251.png	bird
252.png	bird
253.png	bird
254.png	bird
255.png	bird
256.png	bird
257.png	bird
258.png	bird
259.png	bird
260.png	bird
261.png	bird
262.png	bird
263.png	bird
264.png	bird
265.png	bird
266.png	bird
267.png	bird
268.png	bird
269.png	bird
270.png	bird
271.png	bird
272.png	bird
273.png	bird
274.png	bird
275.png	bird
276.png	bird
277.png	bird
278.png	bird
279.png	bird
280.png	bird
281.png	bird
282.png	bird
283.png	bird
284.png	bird
285.png	bird
286.png	bird
287.png	bird
288.png	bird
289.png	bird
290.png	bird
291.png	bird
292.png	bird
293.png	bird
294.png	bird
295.png	bird
296.png	bird
297.png	bird
298.png	bird
299.png	bird
300.png	cat
301.png	cat
302.png	cat
303.png	cat
304.png	cat
305.png	cat
306.png	cat
307.png	cat
308.png	cat
309.png	cat
310.png	cat
311.png	cat
312.png	cat
313.png	cat
314.png	cat
315.png	cat
316.png	cat
317.png	cat
318.png	cat
319.png	cat
320.png	cat
321.png	cat
322.png	cat
323.png	cat
324.png	cat
325.png	cat
326.png	cat
327.png	cat
328.png	cat
329.png	cat
330.png	cat
331.png	cat
332.png	cat
333.png	cat
334.png	cat
335.png	cat
336.png	cat
337.png	cat
338.png	cat
339.png	cat
340.png	cat
341.png	cat
342.png	cat
343.png	cat
344.png	cat
345.png	cat
346.png	cat
347.png	cat
348.png	cat
349.png	cat
350.png	cat
351.png	cat
352.png	cat
353.png	cat
354.png	cat
355.png	cat
356.png	cat
357.png	cat
358.png	cat
359.png	cat
360.png	cat
361.png	cat
362.png	cat
363.png	cat
364.png	cat
365.png	cat
366.png	cat
367.png	cat
368.png	cat
369.png	cat
370.png	cat
371.png	cat
372.png	cat
373.png	cat
374.png	cat
375.png	cat
376.png	cat
377.png	cat
378.png	cat
379.png	cat
380.png	cat
381.png	cat
382.png	cat
383.png	cat
384.png	cat
385.png	cat
386.png	cat
387.png	cat
388.png	cat
389.png	cat
390.png	cat
391.png	cat
392.png	cat
393.png	cat
394.png	cat
395.png	cat
396.png	cat
397.png	cat
398.png	cat
399.png	cat
400.png	deer
401.png	deer
402.png	deer
403.png	deer
404.png	deer
405.png	deer
406.png	deer
407.png	deer
408.png	deer
409.png	deer
410.png	deer
411.png	deer
412.png	deer
413.png	deer
414.png	deer
415.png	deer
416.png	deer
417.png	deer
418.png	deer
419.png	deer
420.png	deer
421.png	deer
422.png	deer
423.png	deer
424.png	deer
425.png	deer
426.png	deer
427.png	deer
428.png	deer
429.png	deer
430.png	deer
431.png	deer
432.png	deer
433.png	deer
434.png	deer
435.png	deer
436.png	deer
437.png	deer
438.png	deer
439.png	deer
440.png	deer
441.png	deer
442.png	deer
443.png	deer
444.png	deer
445.png	deer
446.png	deer
447.png	deer
448.png	deer
449.png	deer
450.png	deer
451.png	deer
452.png	deer
453.png	deer
454.png	deer
455.png	deer
456.png	deer
457.png	deer
458.png	deer
459.png	deer
460.png	deer
461.png	deer
462.png	deer
463.png	deer
464.png	deer
465.png	deer
466.png	deer
467.png	deer
468.png	deer
469.png	deer
470.png	deer
471.png	deer
472.png	deer
473.png	deer
474.png	deer
475.png	deer
476.png	deer
477.png	deer
478.png	deer
479.png	deer
480.png	deer
481.png	deer
482.png	deer
483.png	deer
484.png	deer
485.png	deer
486.png	deer
487.png	deer
488.png	deer
489.png	deer
490.png	deer
491.png	deer
492.png	deer
493.png	deer
494.png	deer
495.png	deer
496.png	deer
497.png	deer
498.png	deer
499.png	deer
500.png	dog
501.png	dog
502.png	dog
503.png	dog
504.png	dog
505.png	dog
506.png	dog
507.png	dog
508.png	dog
509.png	dog
510.png	dog
511.png	dog
512.png	dog
513.png	dog
514.png	dog
515.png	dog
516.png	dog
517.png	dog
518.png	dog
519.png	dog
520.png	dog
521.png	dog
522.png	dog
523.png	dog
524.png	dog
525.png	dog
526.png	dog
527.png	dog
528.png	dog
529.png	dog
530.png	dog
531.png	dog
532.png	dog
533.png	dog
534.png	dog
535.png	dog
536.png	dog
537.png	dog
538.png	dog
539.png	dog
540.png	dog
541.png	dog
542.png	dog
543.png	dog
544.png	dog
545.png	dog
546.png	dog
547.png	dog
548.png	dog
549.png	dog
550.png	dog
551.png	dog
552.png	dog
553.png	dog
554.png	dog
555.png	dog
556.png	dog
557.png	dog
558.png	dog
559.png	dog
560.png	dog
561.png	dog
562.png	dog
563.png	dog
564.png	dog
565.png	dog
566.png	dog
567.png	dog
568.png	dog
569.png	dog
570.png	dog
571.png	dog
572.png	dog
573.png	dog
574.png	dog
575.png	dog
576.png	dog
577.png	dog
578.png	dog
579.png	dog
580.png	dog
581.png	dog
582.png	dog
583.png	dog
584.png	dog
585.png	dog
586.png	dog
587.png	dog
588.png	dog
589.png	dog
590.png	dog
591.png	dog
592.png	dog
593.png	dog
594.png	dog
595.png	dog
596.png	dog
597.png	dog
598.png	dog
599.png	dog
600.png	frog
601.png	frog
602.png	frog
603.png	frog
604.png	frog
605.png	frog
606.png	frog
607.png	frog
608.png	frog
609.png	frog
610.png	frog
611.png	frog
612.png	frog
613.png	frog
614.png	frog
615.png	frog
616.png	frog
617.png	frog
618.png	frog
619.png	frog
620.png	frog
621.png	frog
622.png	frog
623.png	frog
624.png	frog
625.png	frog
626.png	frog
627.png	frog
628.png	frog
629.png	frog
630.png	frog
631.png	frog
632.png	frog
633.png	frog
634.png	frog
635.png	frog
636.png	frog
637.png	frog
638.png	frog
639.png	frog
640.png	frog
641.png	frog
642.png	frog
643.png	frog
644.png	frog
645.png	frog
646.png	frog
647.png	frog
648.png	frog
649.png	frog
650.png	frog
651.png	frog
652.png	frog
653.png	frog
654.png	frog
655.png	frog
656.png	frog
657.png	frog
658.png	frog
659.png	frog
660.png	frog
661.png	frog
662.png	frog
663.png	frog
664.png	frog
665.png	frog
666.png	frog
667.png	frog
668.png	frog
669.png	frog
670.png	frog
671.png	frog
672.png	frog
673.png	frog
674.png	frog
675.png	frog
676.png	frog
677.png	frog
678.png	frog
679.png	frog
680.png	frog
681.png	frog
682.png	frog
683.png	frog
684.png	frog
685.png	frog
686.png	frog
687.png	frog
688.png	frog
689.png	frog
690.png	frog
691.png	frog
692.png	frog
693.png	frog
694.png	frog
695.png	frog
696.png	frog
697.png	frog
698.png	frog
699.png	frog
700.png	horse
701.png	horse
702.png	horse
703.png	horse
704.png	horse
705.png	horse
706.png	horse
707.png	horse
708.png	horse
709.png	horse
710.png	horse
711.png	horse
712.png	horse
713.png	horse
714.png	horse
715.png	horse
716.png	horse
717.png	horse
718.png	horse
719.png	horse
720.png	horse
721.png	horse
722.png	horse
723.png	horse
724.png	horse
725.png	horse
726.png	horse
727.png	horse
728.png	horse
729.png	horse
730.png	horse
731.png	horse
732.png	horse
733.png	horse
734.png	horse
735.png	horse
736.png	horse
737.png	horse
738.png	horse
739.png	horse
740.png	horse
741.png	horse
742.png	horse
743.png	horse
744.png	horse
745.png	horse
746.png	horse
747.png	horse
748.png	horse
749.png	horse
750.png	horse
751.png	horse
752.png	horse
753.png	horse
754.png	horse
755.png	horse
756.png	horse
757.png	horse
758.png	horse
759.png	horse
760.png	horse
761.png	horse
762.png	horse
763.png	horse
764.png	horse
765.png	horse
766.png	horse
767.png	horse
768.png	horse
769.png	horse
770.png	horse
771.png	horse
772.png	horse
773.png	horse
774.png	horse
775.png	horse
776.png	horse
777.png	horse
778.png	horse
779.png	horse
780.png	horse
781.png	horse
782.png	horse
783.png	horse
784.png	horse
785.png	horse
786.png	horse
787.png	horse
788.png	horse
789.png	horse
790.png	horse
791.png	horse
792.png	horse
793.png	horse
794.png	horse
795.png	horse
796.png	horse
797.png	horse
798.png	horse
799.png	horse
800.png	ship
801.png	ship
802.png	ship
803.png	ship
804.png	ship
805.png	ship
806.png	ship
807.png	ship
808.png	ship
809.png	ship
810.png	ship
811.png	ship
812.png	ship
813.png	ship
814.png	ship
815.png	ship
816.png	ship
817.png	ship
818.png	ship
819.png	ship
820.png	ship
821.png	ship
822.png	ship
823.png	ship
824.png	ship
825.png	ship
826.png	ship
827.png	ship
828.png	ship
829.png	ship
830.png	ship
831.png	ship
832.png	ship
833.png	ship
834.png	ship
835.png	ship
836.png	ship
837.png	ship
838.png	ship
839.png	ship
840.png	ship
841.png	ship
842.png	ship
843.png	ship
844.png	ship
845.png	ship
846.png	ship
847.png	ship
848.png	ship
849.png	ship
850.png	ship
851.png	ship
852.png	ship
853.png	ship
854.png	ship
855.png	ship
856.png	ship
857.png	ship
858.png	ship
859.png	ship
860.png	ship
861.png	ship
862.png	ship
863.png	ship
864.png	ship
865.png	ship
866.png	ship
867.png	ship
868.png	ship
869.png	ship
870.png	ship
871.png	ship
872.png	ship
873.png	ship
874.png	ship
875.png	ship
876.png	ship
877.png	ship
878.png	ship
879.png	ship
880.png	ship
881.png	ship
882.png	ship
883.png	ship
884.png	ship
885.png	ship
886.png	ship
887.png	ship
888.png	ship
889.png	ship
890.png	ship
891.png	ship
892.png	ship
893.png	ship
894.png	ship
895.png	ship
896.png	ship
897.png	ship
898.png	ship
899.png	ship
900.png	truck
901.png	truck
902.png	truck
903.png	truck
904.png	truck
905.png	truck
906.png	truck
907.png	truck
908.png	truck
909.png	truck
910.png	truck
911.png	truck
912.png	truck
913.png	truck
914.png	truck
915.png	truck
916.png	truck
917.png	truck
918.png	truck
919.png	truck
920.png	truck
921.png	truck
922.png	truck
923.png	truck
924.png	truck
925.png	truck
926.png	truck
927.png	truck
928.png	truck
929.png	truck
930.png	truck
931.png	truck
932.png	truck
933.png	truck
934.png	truck
935.png	truck
936.png	truck
937.png	truck
938.png	truck
939.png	truck
940.png	truck
941.png	truck
942.png	truck
943.png	truck
944.png	truck
945.png	truck
946.png	truck
947.png	truck
948.png	truck
949.png	truck
950.png	truck
951.png	truck
952.png	truck
953.png	truck
954.png	truck
955.png	truck
956.png	truck
957.png	truck
958.png	truck
959.png	truck
960.png	truck
961.png	truck
962.png	truck
963.png	truck
964.png	truck
965.png	truck
966.png	truck
967.png	truck
968.png	truck
969.png	truck
970.png	truck
971.png	truck
972.png	truck
973.png	truck
974.png	truck
975.png	truck
976.png	truck
977.png	truck
978.png	truck
979.png	truck
980.png	truck
981.png	truck
982.png	truck
983.png	truck
984.png	truck
985.png	truck
986.png	truck
987.png	truck
988.png	truck
989.png	truck
990.png	truck
991.png	truck
992.png	truck
993.png	truck
994.png	truck
995.png	truck
996.png	truck
997.png	truck
998.png	truck
999.png	truck
