0.png	5
1.png	2
2.png	1
3.png	10
4.png	6
5.png	1
6.png	9
7.png	1
8.png	1
9.png	8
10.png	3
11.png	6
12.png	5
13.png	1
14.png	4
15.png	4
16.png	1
17.png	6
18.png	3
19.png	4
20.png	2
21.png	10
22.png	1
23.png	3
24.png	2
25.png	5
26.png	4
27.png	1
28.png	4
29.png	2
30.png	8
31.png	3
32.png	8
33.png	6
34.png	10
35.png	1
36.png	5
37.png	1
38.png	1
39.png	2
40.png	9
41.png	1
42.png	6
43.png	9
44.png	2
45.png	6
46.png	1
47.png	2
48.png	10
49.png	6
50.png	9
51.png	1
52.png	5
53.png	1
54.png	9
55.png	8
56.png	1
57.png	5
58.png	1
59.png	5
60.png	2
61.png	9
62.png	2
63.png	4
64.png	1
65.png	10
66.png	6
67.png	9
68.png	3
69.png	2
70.png	3
71.png	5
72.png	1
73.png	1
74.png	4
75.png	6
76.png	2
77.png	8
78.png	3
79.png	1
80.png	4
81.png	1
82.png	7
83.png	1
84.png	2
85.png	1
86.png	7
87.png	1
88.png	10
89.png	1
90.png	4
91.png	4
92.png	6
93.png	4
94.png	4
95.png	2
96.png	8
97.png	1
98.png	7
99.png	7
100.png	4
101.png	8
102.png	2
103.png	3
104.png	2
105.png	2
106.png	3
107.png	1
108.png	8
109.png	6
110.png	3
111.png	7
112.png	6
113.png	3
114.png	10
115.png	7
116.png	2
117.png	7
118.png	4
119.png	2
120.png	8
121.png	8
122.png	1
123.png	7
124.png	1
125.png	9
126.png	3
127.png	4
128.png	2
129.png	9
130.png	6
131.png	2
132.png	6
133.png	10
134.png	8
135.png	2
136.png	10
137.png	1
138.png	10
139.png	3
140.png	2
141.png	2
142.png	4
143.png	6
144.png	7
145.png	2
146.png	1
147.png	3
148.png	5
149.png	3
150.png	1
151.png	5
152.png	9
153.png	1
154.png	8
155.png	1
156.png	2
157.png	6
158.png	4
159.png	6
160.png	4
161.png	9
162.png	3
163.png	6
164.png	1
165.png	10
166.png	1
167.png	2
168.png	5
169.png	2
170.png	7
171.png	5
172.png	2
173.png	2
174.png	1
175.png	4
176.png	2
177.png	9
178.png	6
179.png	7
180.png	1
181.png	10
182.png	2
183.png	1
184.png	4
185.png	8
186.png	3
187.png	2
188.png	1
189.png	6
190.png	2
191.png	6
192.png	1
193.png	1
194.png	2
195.png	3
196.png	6
197.png	1
198.png	1
199.png	3
200.png	7
201.png	2
202.png	3
203.png	5
204.png	6
205.png	2
206.png	1
207.png	10
208.png	4
209.png	7
210.png	1
211.png	10
212.png	2
213.png	3
214.png	7
215.png	3
216.png	1
217.png	1
218.png	1
219.png	2
220.png	10
221.png	1
222.png	7
223.png	1
224.png	2
225.png	9
226.png	1
227.png	2
228.png	2
229.png	9
230.png	2
231.png	5
232.png	7
233.png	6
234.png	1
235.png	1
236.png	4
237.png	9
238.png	6
239.png	2
240.png	7
241.png	1
242.png	1
243.png	4
244.png	1
245.png	7
246.png	3
247.png	10
248.png	3
249.png	6
250.png	9
251.png	4
252.png	10
253.png	3
254.png	2
255.png	3
256.png	1
257.png	5
258.png	2
259.png	6
260.png	1
261.png	8
262.png	8
263.png	3
264.png	3
265.png	9
266.png	3
267.png	7
268.png	6
269.png	1
270.png	9
271.png	1
272.png	10
273.png	3
274.png	8
275.png	2
276.png	3
277.png	1
278.png	10
279.png	1
280.png	9
281.png	2
282.png	5
283.png	5
284.png	8
285.png	9
286.png	5
287.png	9
288.png	1
289.png	10
290.png	3
291.png	2
292.png	1
293.png	8
294.png	7
295.png	1
296.png	2
297.png	9
298.png	8
299.png	6
300.png	7
301.png	2
302.png	9
303.png	2
304.png	1
305.png	5
306.png	5
307.png	4
308.png	5
309.png	3
310.png	2
311.png	8
312.png	9
313.png	3
314.png	6
315.png	1
316.png	10
317.png	8
318.png	7
319.png	2
320.png	2
321.png	1
322.png	4
323.png	2
324.png	6
325.png	1
326.png	6
327.png	6
328.png	5
329.png	10
330.png	2
331.png	6
332.png	4
333.png	1
334.png	2
335.png	9
336.png	2
337.png	1
338.png	3
339.png	7
340.png	9
341.png	4
342.png	4
343.png	5
344.png	6
345.png	9
346.png	6
347.png	2
348.png	3
349.png	6
350.png	2
351.png	9
352.png	9
353.png	4
354.png	2
355.png	5
356.png	1
357.png	6
358.png	1
359.png	4
360.png	7
361.png	7
362.png	2
363.png	6
364.png	6
365.png	9
366.png	2
367.png	10
368.png	2
369.png	1
370.png	6
371.png	9
372.png	6
373.png	2
374.png	4
375.png	2
376.png	5
377.png	6
378.png	3
379.png	10
380.png	6
381.png	7
382.png	4
383.png	8
384.png	2
385.png	1
386.png	10
387.png	7
388.png	4
389.png	4
390.png	2
391.png	1
392.png	2
393.png	4
394.png	9
395.png	1
396.png	6
397.png	7
398.png	5
399.png	8
400.png	9
401.png	9
402.png	6
403.png	3
404.png	3
405.png	2
406.png	5
407.png	1
408.png	2
409.png	1
410.png	2
411.png	6
412.png	6
413.png	2
414.png	6
415.png	5
416.png	3
417.png	1
418.png	2
419.png	8
420.png	4
421.png	2
422.png	3
423.png	4
424.png	8
425.png	4
426.png	3
427.png	1
428.png	4
429.png	1
430.png	4
431.png	1
432.png	7
433.png	5
434.png	8
435.png	7
436.png	1
437.png	10
438.png	4
439.png	5
440.png	4
441.png	7
442.png	9
443.png	3
444.png	1
445.png	2
446.png	4
447.png	2
448.png	7
449.png	1
450.png	3
451.png	9
452.png	1
453.png	8
454.png	2
455.png	7
456.png	1
457.png	7
458.png	3
459.png	5
460.png	3
461.png	2
462.png	2
463.png	6
464.png	7
465.png	4
466.png	9
467.png	3
468.png	4
469.png	3
470.png	3
471.png	4
472.png	2
473.png	2
474.png	1
475.png	2
476.png	1
477.png	2
478.png	7
479.png	2
480.png	3
481.png	3
482.png	3
483.png	1
484.png	1
485.png	4
486.png	3
487.png	4
488.png	3
489.png	3
490.png	1
491.png	3
492.png	7
493.png	1
494.png	10
495.png	2
496.png	3
497.png	6
498.png	6
499.png	2
500.png	9
501.png	1
502.png	8
503.png	3
504.png	10
505.png	1
506.png	5
507.png	4
508.png	7
509.png	1
510.png	5
511.png	5
512.png	3
513.png	2
514.png	8
515.png	9
516.png	4
517.png	5
518.png	7
519.png	6
520.png	2
521.png	2
522.png	1
523.png	7
524.png	1
525.png	10
526.png	1
527.png	4
528.png	4
529.png	7
530.png	3
531.png	1
532.png	5
533.png	4
534.png	2
535.png	1
536.png	2
537.png	1
538.png	2
539.png	1
540.png	6
541.png	9
542.png	2
543.png	5
544.png	4
545.png	10
546.png	2
547.png	2
548.png	3
549.png	1
550.png	9
551.png	5
552.png	7
553.png	4
554.png	5
555.png	8
556.png	2
557.png	4
558.png	10
559.png	1
560.png	5
561.png	2
562.png	10
563.png	5
564.png	5
565.png	8
566.png	5
567.png	7
568.png	6
569.png	5
570.png	9
571.png	5
572.png	3
573.png	7
574.png	2
575.png	4
576.png	2
577.png	7
578.png	3
579.png	10
580.png	4
581.png	3
582.png	2
583.png	1
584.png	9
585.png	6
586.png	2
587.png	1
588.png	3
589.png	4
590.png	5
591.png	3
592.png	3
593.png	1
594.png	9
595.png	2
596.png	6
597.png	2
598.png	4
599.png	10
600.png	9
601.png	1
602.png	6
603.png	1
604.png	10
605.png	9
606.png	2
607.png	10
608.png	5
609.png	2
610.png	4
611.png	10
612.png	8
613.png	1
614.png	10
615.png	2
616.png	10
617.png	1
618.png	9
619.png	7
620.png	7
621.png	2
622.png	5
623.png	5
624.png	6
625.png	1
626.png	5
627.png	1
628.png	2
629.png	2
630.png	7
631.png	5
632.png	1
633.png	3
634.png	1
635.png	7
636.png	7
637.png	1
638.png	5
639.png	1
640.png	2
641.png	7
642.png	1
643.png	10
644.png	2
645.png	3
646.png	6
647.png	3
648.png	7
649.png	4
650.png	7
651.png	2
652.png	8
653.png	8
654.png	8
655.png	1
656.png	6
657.png	3
658.png	7
659.png	1
660.png	1
661.png	5
662.png	8
663.png	5
664.png	4
665.png	2
666.png	7
667.png	3
668.png	9
669.png	2
670.png	7
671.png	8
672.png	10
673.png	3
674.png	10
675.png	5
676.png	9
677.png	7
678.png	9
679.png	1
680.png	7
681.png	8
682.png	4
683.png	1
684.png	2
685.png	7
686.png	6
687.png	2
688.png	8
689.png	1
690.png	1
691.png	5
692.png	9
693.png	4
694.png	9
695.png	4
696.png	10
697.png	1
698.png	2
699.png	2
700.png	1
701.png	5
702.png	2
703.png	6
704.png	6
705.png	2
706.png	6
707.png	8
708.png	3
709.png	8
710.png	3
711.png	3
712.png	7
713.png	2
714.png	7
715.png	3
716.png	3
717.png	8
718.png	2
719.png	10
720.png	1
721.png	10
722.png	1
723.png	2
724.png	4
725.png	2
726.png	3
727.png	8
728.png	2
729.png	1
730.png	1
731.png	6
732.png	1
733.png	3
734.png	5
735.png	2
736.png	4
737.png	4
738.png	4
739.png	1
740.png	3
741.png	1
742.png	1
743.png	1
744.png	10
745.png	2
746.png	7
747.png	1
748.png	8
749.png	5
750.png	4
751.png	3
752.png	8
753.png	6
754.png	4
755.png	4
756.png	3
757.png	10
758.png	6
759.png	1
760.png	7
761.png	8
762.png	2
763.png	3
764.png	1
765.png	9
766.png	1
767.png	8
768.png	4
769.png	3
770.png	9
771.png	2
772.png	9
773.png	1
774.png	4
775.png	4
776.png	9
777.png	3
778.png	4
779.png	5
780.png	1
781.png	3
782.png	4
783.png	4
784.png	6
785.png	1
786.png	1
787.png	1
788.png	10
789.png	1
790.png	6
791.png	9
792.png	1
793.png	1
794.png	5
795.png	5
796.png	7
797.png	10
798.png	3
799.png	9
800.png	3
801.png	6
802.png	1
803.png	2
804.png	3
805.png	2
806.png	10
807.png	8
808.png	1
809.png	3
810.png	6
811.png	7
812.png	2
813.png	9
814.png	10
815.png	2
816.png	1
817.png	7
818.png	4
819.png	1
820.png	5
821.png	5
822.png	10
823.png	6
824.png	3
825.png	10
826.png	2
827.png	3
828.png	6
829.png	2
830.png	6
831.png	1
832.png	2
833.png	2
834.png	1
835.png	10
836.png	5
837.png	5
838.png	7
839.png	3
840.png	7
841.png	8
842.png	2
843.png	6
844.png	2
845.png	5
846.png	3
847.png	3
848.png	4
849.png	5
850.png	2
851.png	9
852.png	1
853.png	10
854.png	1
855.png	8
856.png	1
857.png	5
858.png	1
859.png	5
860.png	6
861.png	8
862.png	10
863.png	1
864.png	10
865.png	4
866.png	1
867.png	3
868.png	5
869.png	3
870.png	3
871.png	1
872.png	10
873.png	3
874.png	4
875.png	4
876.png	1
877.png	8
878.png	1
879.png	1
880.png	3
881.png	1
882.png	6
883.png	4
884.png	10
885.png	3
886.png	5
887.png	2
888.png	10
889.png	8
890.png	6
891.png	2
892.png	6
893.png	1
894.png	8
895.png	5
896.png	2
897.png	5
898.png	10
899.png	2
900.png	1
901.png	1
902.png	2
903.png	3
904.png	6
905.png	10
906.png	2
907.png	5
908.png	8
909.png	5
910.png	7
911.png	9
912.png	7
913.png	6
914.png	8
915.png	5
916.png	2
917.png	2
918.png	1
919.png	7
920.png	2
921.png	8
922.png	4
923.png	1
924.png	9
925.png	4
926.png	2
927.png	4
928.png	10
929.png	8
930.png	2
931.png	3
932.png	2
933.png	3
934.png	7
935.png	7
936.png	3
937.png	4
938.png	2
939.png	10
940.png	10
941.png	3
942.png	3
943.png	3
944.png	7
945.png	2
946.png	3
947.png	5
948.png	3
949.png	6
950.png	8
951.png	6
952.png	1
953.png	6
954.png	9
955.png	1
956.png	10
957.png	6
958.png	5
959.png	1
960.png	10
961.png	7
962.png	2
963.png	7
964.png	3
965.png	10
966.png	1
967.png	9
968.png	3
969.png	2
970.png	2
971.png	2
972.png	5
973.png	1
974.png	1
975.png	10
976.png	2
977.png	7
978.png	7
979.png	3
980.png	2
981.png	7
982.png	2
983.png	8
984.png	3
985.png	9
986.png	1
987.png	9
988.png	5
989.png	2
990.png	10
991.png	2
992.png	1
993.png	4
994.png	1
995.png	4
996.png	1
997.png	5
998.png	1
999.png	5
